url,prompt,country
https://chatgpt.com/,How have phone booths evolved over the years to remain relevant and useful in today's work environment?,France
https://chatgpt.com/,What role does acoustic performance play in modern office redesign?,France
https://chatgpt.com/,What design strategies help reduce disruptive noise in the office environment?,France
https://chatgpt.com/,How can a well-designed office space balance collaboration and individual focus?,France
https://chatgpt.com/,How can office design improve focus and reduce noise in shared workspaces?,France
https://chatgpt.com/,What exactly are "mute phone booths" "acoustic pods" and "soundproof booths" and how do they work to create a quiet space for work?,France
https://chatgpt.com/,What are the advantages of incorporating acoustic booths in an office to boost focus and ensure privacy?,France
https://chatgpt.com/,How do acoustic pods contribute to employee well-being and overall productivity?,France
https://chatgpt.com/,What modern safety features are integrated into acoustic booths to comply with building codes and keep users safe?,France
https://chatgpt.com/,Can acoustic pods be integrated seamlessly with existing office furniture and technology systems?,France
https://chatgpt.com/,How does an acoustic pod work?,France
https://chatgpt.com/,How long does it take to install an acoustic pod in an office?,France
https://chatgpt.com/,How do you know if an acoustic pod is working properly?,France
https://chatgpt.com/,Is an acoustic pod easy to move?,France
https://chatgpt.com/,Is it warm in an acoustic pod?,France
https://chatgpt.com/,How much does an acoustic pod cost?,France
https://chatgpt.com/,Are acoustic pods from workwithisland.com energy efficient and designed with sustainability in mind?,France
https://chatgpt.com/,What materials are used in workwithisland.com acoustic pods to maximize sound isolation and durability?,France
https://chatgpt.com/,Can a workwithisland.com acoustic pod replace the need to construct new meeting rooms and how does it integrate into our office design?,France
https://chatgpt.com/,Are workwithisland.com acoustic pods comfortable for extended use and how do features like ventilation and lighting enhance their usability?,France 